temperature,humidity,pressure
500.0,500.0,500.0
25.964818000000022,40.877515999999986,101000.87586400018
0.9050152961406212,0.884685763162879,0.8659373999692593
25.006,40.006,101000.008
25.095,40.07275,101000.086
25.6385,40.506,101000.516
26.87675,41.64475,101001.611
27.506999999999998,42.507,101002.508
