temperature,humidity,pressure
2074.0,2074.0,2074.0
25.91429701060752,40.90646576663452,101000.90797637397
0.8876384238860069,0.8975998848807198,0.8777044061217331
25.006,40.005,101000.008
25.073249999999998,40.07,101000.094
25.600499999999997,40.564,101000.57800000001
26.732,41.741,101001.68800000001
27.506999999999998,42.507,101002.508
