temperature,humidity,pressure
150.0,150.0,150.0
25.927939999999982,40.84368,101000.93494666669
0.9043061282315004,0.8531211415430114,0.887239363651146
25.006,40.006,101000.008
25.095000000000002,40.06225,101000.113
25.517,40.5,101000.5625
26.841750000000005,41.6045,101001.68925
27.505,42.505,101002.508
