temperature,humidity,pressure
900.0,900.0,900.0
25.926847777777766,40.89213333333338,101000.87198000024
0.8669093249541717,0.8860438324202519,0.8687370089389413
25.006,40.006,101000.008
25.09575,40.0625,101000.094
25.691,40.5325,101000.523
26.71575,41.674749999999996,101001.58200000001
27.506,42.507,101002.508
