node_id,temperature,humidity,pressure
2,26.381,40.275999999999996,101001.31199999999
2,25.836,40.433,101001.266
3,26.94,41.788000000000004,101000.555
3,27.389,40.006,101000.055
4,25.143,42.328,101001.266
4,27.353,42.388999999999996,101000.227
5,26.958000000000002,40.031,101000.477
5,26.936999999999998,41.521,101002.43
6,27.474,40.941,101001.219
6,25.943,40.534,101000.641
