temperature,humidity,pressure
10.0,10.0,10.0
26.635399999999997,41.02470000000001,101000.94480000001
0.7806238530816235,0.917271806318426,0.6985887043010832
25.143,40.006,101000.055
26.052500000000002,40.31525,101000.4965
26.938499999999998,40.7375,101000.93
27.25425,41.72125,101001.266
27.474,42.388999999999996,101002.43
