temperature,humidity,pressure
60.0,60.0,60.0
25.60935,40.85203333333333,101000.835
0.7098123844977915,0.9419109851545432,0.9031242195471013
25.006,40.006,101000.008
25.037750000000003,40.045500000000004,101000.068
25.277,40.2715,101000.39850000001
25.9405,41.7645,101001.488
27.465999999999998,42.506,101002.508
